insert into people(id, first_name, second_name, last_name, birthday)
values
       /* teachers */
       (1, 'Анна', 'Павловна', 'Быкова', '07.11.1974'),
       (2, 'Павел', 'Петрович', 'Быков', '03.04.1947'),
       (3, 'Петр', 'Илларионович', 'Быков', '24.09.1923'),
       /* students */
       (4, 'Макар', 'Макарович', 'Макаров', '01.03.2007'),
       (5, 'Злата', 'Геннадьевна', 'Ушакова', '02.03.2007'),
       (6, 'Екатерина', 'Ниджатовна', 'Прокофьева', '03.03.2007'),
       (7, 'Иван', 'Альбертович', 'Лукьянов', '04.03.2007'),
       (8, 'Максим', null, 'Волошин', null),
       /* helpers */
       (9, 'Мария', 'Ивановна', 'Абрамова', '17.06.1967'),
       (10, 'Джамшут', 'Нурдинович', 'Бабаев', '01.09.1991');

insert into teachers(people_id, experience_years, education_degree, max_hours_a_week, about_me)
values
       (1, 7, 'преподаватель русского языка, литературы (НГПУ)', 40, 'Будущий учитель года'),
       (2, 37, 'преподаватель ОБЖ, физ.культуры (НГПУ)', 50, 'Бывший учитель года'),
       (3, 67, 'преподаватель математики, литературы (НГПУ)', 20, null);

insert into students(people_id, education_start_date)
values
       (4, '01.09.2014'),
       (5, '01.09.2014'),
       (6, '01.09.2014'),
       (7, '01.09.2014'),
       (8, '01.09.2014');

insert into helpers(people_id, work)
values
       (9, 'Столовая: приготовление пищи, мытьё посуды. Классы: влажная уборка.'),
       (10, 'Штукатурить.');

insert into disciplines(id, name, description, hours_a_week)
values
       (1, 'русский язык', 'ну русский язык', 4),
       (2, 'физическая культура', 'культура', 3),
       (3, 'математика', null, 6),
       (4, 'математика для гуманитариев', null, 2),
       (5, 'литература', 'русская и зарубежная литература', 2),
       (6, 'дополнительная литература', 'даже ИНТЕРЕСНЕЕ, чем обычная литература', 2);

insert into teachers_disciplines(teacher_id, discipline_id, teachers_comment)
values
       (1, 1, 'русский язык'),
       (1, 5, 'вы окунётесь в ИНТЕРЕСНЕЙШИЙ предмет'),
       (2, 2, 'физра будет у вас'),
       (3, 3, null),
       (3, 4, null),
       (3, 5, null),
       (1, 6, 'больше литературы!!!');

insert into programs(id, name, description)
values
       (1, 'гуманитарная программа', 'для гуманитариев'),
       (2, 'техническая программа', 'для технарей'),
       (3, 'факультативная литература', null);

insert into students_programs(student_id, program_id)
values (4, 1),
       (5, 1),
       (6, 1),
       (6, 3),
       (7, 2),
       (8, 2);

insert into programs_disciplines(program_id, teacher_id, discipline_id)
values
       (1, 1, 1),
       (1, 1, 5),
       (1, 3, 4),
       (1, 2, 2),
       (2, 3, 3),
       (2, 3, 5),
       (2, 2, 2),
       (3, 1, 6);

insert into timetable(id, program_id, teacher_id, discipline_id, day, time, room)
values
       (1, 1, 1, 1, 1, '8:00:00', 100),
       (2, 1, 1, 5, 2, '8:01:00', 100),
       (3, 1, 3, 4, 3, '8:02:00', 100),
       (4, 1, 2, 2, 4, '8:03:00', 100),
       (5, 2, 3, 3, 5, '8:04:00', 100),
       (6, 2, 3, 5, 6, '8:05:00', 100),
       (7, 2, 2, 2, 1, '8:06:00', 101),
       (8, 3, 1, 6, 7, '8:07:00', 100);

insert into lessons(id, theme, description, timetablecell_id, date)
values
       (1, 'Знакомство', 'Знакомство', 1, '01.09.2014'),
       (2, 'Знакомство', 'Знакомство', 2, '02.09.2014'),
       (3, 'Знакомство', 'Знакомство', 3, '03.09.2014'),
       (4, 'Знакомство', 'Знакомство', 4, '04.09.2014'),
       (5, 'Знакомство', 'Знакомство', 5, '05.09.2014'),
       (6, 'Знакомство', 'Знакомство', 6, '06.09.2014'),
       (7, 'Знакомство', 'Знакомство', 7, '01.09.2014'),
       (8, 'Знакомство', 'Знакомство', 8, '07.09.2014');

insert into hometasks(lesson_id, text, deadline)
values
       (1, 'Угадайте, что хотел сказать автор в рассмотренным на уроке произведением, но если хоть немного не угадаете, то я вам 2 поставлю', '08.09.2014'),
       (5, 'Дополнительное - на доске было написано', null);

insert into homeworks(id, student_id, hometask_id, homework, students_comment, mark, teachers_comment)
values
       (1, 4, 1, 'Да ничё он не имел ввиду, просто пейзажи обрисовал.', 'Чисто моё мнение...', 2, '))))))))))'),
       (2, 5, 1, 'Что-то мудрое...', null, 3, 'Ну формально вы правы, конечно...');

insert into lesson_marks(id, student_id, lesson_id, value, comment)
values
       (1, 4, 1, 2, 'Ты вот прям точно хочешь именно в этой школе училься?');

insert into final_marks (student_id, discipline_id, value, comment)
values
       (4, 1, 2, 'Я уже знаю, что будет.');
